source,target,kind,confidence,note
/blog/3-key-qualities-for-ex-market-success-presenting-sa-equips-journey,/3-key-qualities-for-ex-market-success-presenting-sa-equips-journey,blog-post,exact,
/blog/6-workplace-safety-tips,/6-workplace-safety-tips,blog-post,exact,
/blog/a-growing-demand-for-ex-equipment,/a-growing-demand-for-ex-equipment,blog-post,exact,
/blog/air-filtration-for-safer-working-what-you-need-to-know,/air-filtration-for-safer-working-what-you-need-to-know,blog-post,exact,
/blog/avoiding-confined-space-hazards-a-simple-guide-to-measuring-air-flow,/avoiding-confined-space-hazards-a-simple-guide-to-measuring-air-flow,blog-post,exact,
/blog/combustible-dust-explosions-why-they-happen-and-how-to-reduce-your-risk,/combustible-dust-explosions-why-they-happen-and-how-to-reduce-your-risk,blog-post,exact,
/blog/common-risks-found-on-renewable-worksites,/common-risks-found-on-renewable-worksites,blog-post,exact,
/blog/efficiency-through-product-compatibility,/efficiency-through-product-compatibility,blog-post,exact,
/blog/equipment-vs-experience-in-the-oil-gas-industry,/equipment-vs-experience-in-the-oil-gas-industry,blog-post,exact,
/blog/equipping-yourself-for-safe-hot-work,/equipping-yourself-for-safe-hot-work,blog-post,exact,
/blog/essential-negative-pressure-unit-insights,/essential-negative-pressure-unit-insights,blog-post,exact,
/blog/essential-on-site-heating-insights,/essential-on-site-heating-insights,blog-post,exact,
/blog/hazardous-area-ventilation-what-you-need-to-know,/hazardous-area-ventilation-what-you-need-to-know,blog-post,exact,
/blog/how-to-protect-your-team-from-paint-fumes-on-industrial-sites,/how-to-protect-your-team-from-paint-fumes-on-industrial-sites,blog-post,exact,
/blog/how-to-select-the-right-lighting-for-zone-gas-and-dust-environments,/how-to-select-the-right-lighting-for-zone-gas-and-dust-environments,blog-post,exact,
/blog/how-to-winterproof-industrial-sites-with-sa-equip,/how-to-winterproof-industrial-sites-with-sa-equip,blog-post,exact,
/blog/making-light-work-of-illuminating-hazardous-areas,/making-light-work-of-illuminating-hazardous-areas,blog-post,exact,
/blog/moving-safely-towards-a-new-energy-future,/moving-safely-towards-a-new-energy-future,blog-post,exact,
/blog/never-underestimate-the-importance-of-lighting-in-rope-access,/never-underestimate-the-importance-of-lighting-in-rope-access,blog-post,exact,
/blog/offshore-risk-assessment-maintenance-how-we-can-help,/offshore-risk-assessment-maintenance-how-we-can-help,blog-post,exact,
/blog/oil-gas-decommissioning-the-unseen-safety-risks-and-solutions,/oil-gas-decommissioning-the-unseen-safety-risks-and-solutions,blog-post,exact,
/blog/planning-an-offshore-shutdown-some-costly-errors-to-avoid,/planning-an-offshore-shutdown-some-costly-errors-to-avoid,blog-post,exact,
/blog/portable-climate-control-for-hazardous-zones,/portable-climate-control-for-hazardous-zones,blog-post,exact,
/blog/portable-lev-vs-mobile-lev-choosing-the-right-system-for-your-application,/portable-lev-vs-mobile-lev-choosing-the-right-system-for-your-application,blog-post,exact,
/blog/portable-work-lights-vs-fixed-lighting-four-essential-considerations,/portable-work-lights-vs-fixed-lighting-four-essential-considerations,blog-post,exact,
/blog/reducing-shutdown-impact-starts-with-the-right-equipment,/reducing-shutdown-impact-starts-with-the-right-equipment,blog-post,exact,
/blog/sa-equip-climate-control-systems-balancing-safety-efficiency,/sa-equip-climate-control-systems-balancing-safety-efficiency,blog-post,exact,
/blog/safe-tank-cleaning-procedures-lifesaving-precautions-youll-need-to-take,/safe-tank-cleaning-procedures-lifesaving-precautions-youll-need-to-take,blog-post,exact,
/blog/safer-working-without-hot-work-permits-meet-our-solution,/safer-working-without-hot-work-permits-meet-our-solution,blog-post,exact,
/blog/simple-steps-to-discover-faster-project-completion,/simple-steps-to-discover-faster-project-completion,blog-post,exact,
/blog/the-importance-of-atex-plugs-sockets-and-couplers-what-you-need-to-know,/the-importance-of-atex-plugs-sockets-and-couplers-what-you-need-to-know,blog-post,exact,
/blog/time-saving-essentials-for-working-in-low-temperatures,/time-saving-essentials-for-working-in-low-temperatures,blog-post,exact,
/blog/understanding-your-legal-obligations-for-welding-fume-extraction,/understanding-your-legal-obligations-for-welding-fume-extraction,blog-post,exact,
/blog/utilities-industry-safety-and-equipping-for-a-safer-worksite,/utilities-industry-safety-and-equipping-for-a-safer-worksite,blog-post,exact,
/blog/water-wastewater-plant-safety-essential-advice-from-our-specialists,/water-wastewater-plant-safety-essential-advice-from-our-specialists,blog-post,exact,
/blog/what-is-local-exhaust-ventilation-lev-and-when-does-your-site-need-it,/what-is-local-exhaust-ventilation-lev-and-when-does-your-site-need-it,blog-post,exact,
/blog/why-explosion-proof-lighting-offers-benefits-beyond-safety,/why-explosion-proof-lighting-offers-benefits-beyond-safety,blog-post,exact,
/blog/why-life-extensions-are-a-hot-topic,/why-life-extensions-are-a-hot-topic,blog-post,exact,
/blog/why-managing-hydrogen-risk-starts-with-the-right-equipment,/why-managing-hydrogen-risk-starts-with-the-right-equipment,blog-post,exact,
/blog/working-in-the-petrochemicals-industry-safety-begins-before-you-arrive-on-site,/working-in-the-petrochemicals-industry-safety-begins-before-you-arrive-on-site,blog-post,exact,
/case-studies/gdf-suez-ep-nederland-b-v-spot-repair-in-potwatertank,/gdf-suez-ep-nederland-b-v-spot-repair-in-potwatertank,case-study,exact,
/case-studies/meeting-the-challenges-of-offshore-temporary-lighting-power,/meeting-the-challenges-of-offshore-temporary-lighting-power,case-study,exact,
/case-studies/mitigating-risks-during-bonded-warehouse-maintenance-work,/mitigating-risks-during-bonded-warehouse-maintenance-work,case-study,exact,
/case-studies/provide-power-supply-to-the-solan,/provide-power-supply-to-the-solan,case-study,exact,
/case-studies/replacing-lagging-on-vacuum-tower,/replacing-lagging-on-vacuum-tower,case-study,exact,
/case-studies/sa-equip-offers-cost-effective-ex-power-and-lighting-equipment-in-morecambe-bay-to-extend-the-life-of-rhyl-field,/sa-equip-offers-cost-effective-ex-power-and-lighting-equipment-in-morecambe-bay-to-extend-the-life-of-rhyl-field,case-study,exact,
/case-studies/sa-lumin-tasklight-provides-optimum-lighting-at-shell-nederland-raffinaderij-b-v,/sa-lumin-tasklight-provides-optimum-lighting-at-shell-nederland-raffinaderij-b-v,case-study,exact,
/case-studies/to-extract-fumes-out-of-a-small-tight-confined-space-in-the-air-handling-units,/to-extract-fumes-out-of-a-small-tight-confined-space-in-the-air-handling-units,case-study,exact,
/case-studies/underside-of-heli-deck,/underside-of-heli-deck,case-study,exact,
/case-studies/water-injection-pump-motor,/water-injection-pump-motor,case-study,exact,
/case-studies/whisky-distillery,/whisky-distillery,case-study,exact,
/distributors/*,/find-a-distributor,distributor,equivalent,wildcard — covers all 15 distributor pages
/about,/about-sa-equip,page,equivalent,
/about/careers,/careers,page,exact,
/about/our-people,/our-people,page,exact,
/about/our-story,/our-story,page,exact,
/about/sa-equip-innovation,/innovation,page,equivalent,
/air-mover-hire,/category/fume-dust-lev-and-vapour-control,page,closest,a hire landing page
/blank-page,/,page,fallback,an empty WordPress page
/cart,/basket,page,equivalent,the quote basket replaces the cart
/checkout,/basket,page,closest,there is no checkout — quotes go through the basket
/contact,/contact-us,page,equivalent,
/contact/thank-you,/contact-us,page,closest,thank-you pages are post-submit only
/cookie-policy,,page,missing,LEGAL PAGE — create it on Duda
/frequently-asked-questions,/faqs,page,equivalent,
/industrial-heater-hire,/category/climate-control-and-heating,page,closest,a hire landing page
/industrial-lighting-hire,/category/lighting-and-power,page,closest,a hire landing page
/landing-page-thank-you,/contact-us,page,closest,thank-you pages are post-submit only
/lev-systems,/category/fume-dust-lev-and-vapour-control,page,equivalent,
/lev-systems-rental,/category/fume-dust-lev-and-vapour-control,page,closest,
/lighting-power-rental,/category/lighting-and-power,page,closest,
/multi-operator-lev-system,/category/fume-dust-lev-and-vapour-control,page,closest,could point at a specific product instead
/my-account,/,page,fallback,no customer accounts on Duda
/newsletter,/news-and-insights,page,closest,
/portable-ex-climate-control,/category/climate-control-and-heating,page,equivalent,
/portable-ex-climate-control-rental,/category/climate-control-and-heating,page,equivalent,
/portable-ex-heating,/category/climate-control-and-heating,page,equivalent,
/portable-ex-heating-rental,/category/climate-control-and-heating,page,equivalent,
/portable-ex-lighting,/category/lighting-and-power,page,equivalent,
/portable-ex-lighting-rental,/category/lighting-and-power,page,equivalent,
/portable-ex-power-distribution,/category/lighting-and-power,page,equivalent,
/portable-ex-power-rental,/category/lighting-and-power,page,equivalent,
/portable-ex-ventilation,/category/fume-dust-lev-and-vapour-control,page,equivalent,
/portable-ex-ventilation-rental,/category/fume-dust-lev-and-vapour-control,page,equivalent,
/portable-industrial-equipment,/category/products,page,closest,
/portable-ventilation-and-lighting-rental,/category/products,page,closest,
/privacy-policy,,page,missing,LEGAL PAGE — create it on Duda
/qhsc-policy,,page,missing,QHSE policy — create it on Duda
/request-quote,/basket,page,closest,the quote form lives on the basket page
/resources,/news-and-insights,page,closest,the old resources hub
/resources/blog,/news-and-insights,page,equivalent,
/resources/certificates,/customer-support,page,fallback,downloads are not public on Duda yet
/resources/datasheets,/customer-support,page,fallback,downloads are not public on Duda yet
/resources/introex-2,/e-learning,page,closest,IntroEx training
/resources/manuals,/customer-support,page,fallback,downloads are not public on Duda yet
/resources/videos,/videos,page,equivalent,
/sa_equip_ex_catalogue_2025_catalogue-pdf,/category/products,page,fallback,catalogue page — no Duda equivalent
/sa-equip-industries,/industries,page,equivalent,
/sa-equip-industries/aviation,/aviation,page,equivalent,the one industry with its own Duda page
/sa-equip-industries/construction,/category/construction-major-projects,page,equivalent,industry page → its category
/sa-equip-industries/defence,/category/defence-naval-shipbuilding,page,equivalent,industry page → its category
/sa-equip-industries/distilleries,/category/distilleries-breweries,page,equivalent,industry page → its category
/sa-equip-industries/nuclear,/category/nuclear,page,exact,industry page → its category
/sa-equip-industries/oil-gas,/category/oil-gas,page,exact,industry page → its category
/sa-equip-industries/petrochemical,/category/petrochemical-chemical-processing,page,equivalent,industry page → its category
/sa-equip-industries/pharmaceutical,/category/pharmaceuticals,page,exact,industry page → its category
/sa-equip-industries/rail,/category/rail-transport-engineering,page,equivalent,industry page → its category
/sa-equip-industries/renewable,/category/renewables-hydrogen,page,equivalent,industry page → its category
/sa-equip-industries/shipping,/category/marine-commercial-ship-repair,page,equivalent,industry page → its category
/sa-equip-industries/utilities,/category/utilities,page,exact,industry page → its category
/sa-equip-products,/category/products,page,equivalent,
/sa-equip-rental-products,/category/products,page,fallback,no rental listing on Duda
/sa-equip-temporary-ventilation-lev-lighting-catalogue-2025,/category/products,page,fallback,catalogue page — no Duda equivalent
/shop,/category/products,page,equivalent,
/temporary-lighting-hire,/category/lighting-and-power,page,closest,a hire landing page
/terms-conditions,,page,missing,LEGAL PAGE — create it on Duda
/terms-conditions-3,,page,missing,LEGAL PAGE (duplicate) — point at the same terms page
/wp-content/uploads/2022/06/SA_CYCLONE_AIR_MOVER_SAF35_SAF35D_Datasheet.pdf,/product/ex-air-mover,pdf,closest,EX Air Mover — Datasheet
/wp-content/uploads/2022/06/SA_Equip_EX600_SA_LUMIN_EX_LED_Headtorch_ATEX_Certificate.pdf,/product/ex-headtorch,pdf,closest,EX Headtorch — ATEX Certificate
/wp-content/uploads/2022/06/SA_Equip_EX600_SA_LUMIN_EX_LED_Headtorch_IECEx_Certificate.pdf,/product/ex-headtorch,pdf,closest,EX Headtorch — IECEx Certificate
/wp-content/uploads/2022/06/SA_Equip_EX600_SA_LUMIN_EX_LED_Headtorch_User_Manual_Issue_6.pdf,/product/ex-headtorch,pdf,closest,EX Headtorch — User Manual
/wp-content/uploads/2022/06/SA_Equip_PNEL_PNER_EX_Extension_INMETRO_Certificate.pdf,/product/ex-extension-reel,pdf,closest,EX Extension Reel — INMETRO Certificate (+1 other product)
/wp-content/uploads/2022/06/SA_Equip_PNEL_PNER_Extension_ATEX_Certificate.pdf,/product/ex-extension-reel,pdf,closest,EX Extension Reel — ATEX Certificate (+1 other product)
/wp-content/uploads/2022/06/SA_Equip_PNEL_PNER_Extension_UKEX_Certificate.pdf,/product/ex-extension-reel,pdf,closest,EX Extension Reel — UKEX Certificate (+1 other product)
/wp-content/uploads/2022/06/SA_Equip_PNEL_PNER_Extension_User_Manual_9.pdf,/product/ex-extension-reel,pdf,closest,EX Extension Reel — User Manual (+1 other product)
/wp-content/uploads/2022/06/SA_Equip_SA100_200_LUMIN_EX_LED_Worklight_User_Manual_Iss_7.pdf,/product/ex-led-worklight-100,pdf,closest,EX LED Worklight 100 — User Manual (+1 other product)
/wp-content/uploads/2022/06/SA_Equip_SA100_LUMIN_EX_LED_Emergency_Worklight_User_Manual_Issue_7.pdf,/product/ex-led-emergency-worklight,pdf,closest,EX LED Emergency Worklight — User Manual
/wp-content/uploads/2022/06/SA_Equip_SA100_SA_LUMIN_EX_WORKLIGHT_INMETRO_Certificate_Issue_2.pdf,/product/ex-led-worklight-100,pdf,closest,EX LED Worklight 100 — INMETRO Certificate
/wp-content/uploads/2022/06/SA_Equip_SA100_SA_LUMIN_LED_WORKLIGHT_ATEX_Certificate_Iss4.pdf,/product/ex-led-worklight-100,pdf,closest,EX LED Worklight 100 — ATEX Certificate
/wp-content/uploads/2022/06/SA_Equip_SA100_SA_LUMIN_LED_WORKLIGHT_IECEX_Certificate_Iss2.pdf,/product/ex-led-worklight-100,pdf,closest,EX LED Worklight 100 — IECEx Certificate
/wp-content/uploads/2022/06/SA_Equip_SA200_SA_LUMIN_EX_WORKLIGHT_INMETRO_Certificate_Issue_2.pdf,/product/ex-led-worklight-200,pdf,closest,EX LED Worklight 200 — INMETRO Certificate
/wp-content/uploads/2022/06/SA_Equip_SA200_SA_LUMIN_LED_WORKLIGHT_ATEX_Certificate_Iss_4.pdf,/product/ex-led-worklight-200,pdf,closest,EX LED Worklight 200 — ATEX Certificate
/wp-content/uploads/2022/06/SA_Equip_SA200_SA_LUMIN_LED_WORKLIGHT_IECEX_Certificate_Iss_2.pdf,/product/ex-led-worklight-200,pdf,closest,EX LED Worklight 200 — IECEx Certificate
/wp-content/uploads/2022/06/SA_Equip_SA200_SA_LUMIN_Worklight_Anti_static_Protective_Bag_Datasheet.pdf,/product/worklight-200-antistatic-protective-film,pdf,closest,Worklight 200 Antistatic Protective Film — Datasheet
/wp-content/uploads/2022/06/SA_Equip_SAAL_SA_LUMIN_EX_LED_Area_Light_User_Manual_Issue_5.pdf,/product/ex-led-area-light,pdf,closest,EX LED Area Light — User Manual (+1 other product)
/wp-content/uploads/2022/06/SA_Equip_SAAL_SA_LUMIN_EX_LED_Area_Tower_Light_ATEX_Certificate.pdf,/product/ex-led-area-light,pdf,closest,EX LED Area Light — ATEX Certificate (+1 other product)
/wp-content/uploads/2022/06/SA_Equip_SAAL_SA_LUMIN_EX_LED_Area_Tower_Light_IECEX_Certificate.pdf,/product/ex-led-area-light,pdf,closest,EX LED Area Light — IECEx Certificate (+1 other product)
/wp-content/uploads/2022/06/SA_Equip_SAAL_SA_LUMIN_EX_LED_Area_Tower_Light_UKEX_Certificate.pdf,/product/ex-led-area-light,pdf,closest,EX LED Area Light — UKEX Certificate (+1 other product)
/wp-content/uploads/2022/06/SA_Equip_SAE100_SA_LUMIN_EX_WORKLIGHT_INMETRO_Certificate_Issue_2.pdf,/product/ex-led-emergency-worklight,pdf,closest,EX LED Emergency Worklight — INMETRO Certificate
/wp-content/uploads/2022/06/SA_Equip_SAE100_SA_LUMIN_LED_WORKLIGHT_ATEX_Certificate_Iss4.pdf,/product/ex-led-emergency-worklight,pdf,closest,EX LED Emergency Worklight — ATEX Certificate
/wp-content/uploads/2022/06/SA_Equip_SAE100_SA_LUMIN_LED_WORKLIGHT_IECEX_Certificate_Iss2.pdf,/product/ex-led-emergency-worklight,pdf,closest,EX LED Emergency Worklight — IECEx Certificate
/wp-content/uploads/2022/06/SA_Equip_SAF35_ITS_SA_CYCLONE_EX_ATEX_Certificate.pdf,/product/ex-paint-vapour-extraction-system,pdf,closest,EX PAINT VAPOUR EXTRACTION SYSTEM — ATEX Certificate (+4 other products)
/wp-content/uploads/2022/06/SA_Equip_SAF35_ITS_SA_CYCLONE_EX_IECEX_Certificate.pdf,/product/ex-paint-vapour-extraction-system,pdf,closest,EX PAINT VAPOUR EXTRACTION SYSTEM — IECEx Certificate (+4 other products)
/wp-content/uploads/2022/06/SA_Equip_SAF35_ITS_SA_CYCLONE_EX_UKEX_Certificate.pdf,/product/ex-paint-vapour-extraction-system,pdf,closest,EX PAINT VAPOUR EXTRACTION SYSTEM — UKEX Certificate (+4 other products)
/wp-content/uploads/2022/06/SA_Equip_SAF35_SA_CYCLONE_EX_AIR_MOVER_INMETRO_CERTIFICATE-1.pdf,/product/ex-paint-vapour-extraction-system,pdf,closest,EX PAINT VAPOUR EXTRACTION SYSTEM — INMETRO Certificate (+4 other products)
/wp-content/uploads/2022/06/SA_Equip_SAFD_SA_Cyclone_Antistatic_Duct_System_User_Manual.pdf,/product/antistatic-reinforced-ducting,pdf,closest,Antistatic Reinforced Ducting — User Manual
/wp-content/uploads/2022/06/SA_Equip_SAFH_SA_FLEXIHEAT_EX_Heating_Jacket_User_Manual_8.pdf,/product/ex-heating-jacket,pdf,closest,EX Heating Jacket — User Manual (+1 other product)
/wp-content/uploads/2022/06/SA_Equip_SAFH_SA_FLEXIHEAT_Heating_Jacket_ATEX_Certificate.pdf,/product/ex-heating-jacket,pdf,closest,EX Heating Jacket — ATEX Certificate (+1 other product)
/wp-content/uploads/2022/06/SA_Equip_SAFH_SA_FLEXIHEAT_Heating_Jacket_IECEx_Certificate.pdf,/product/ex-heating-jacket,pdf,closest,EX Heating Jacket — IECEx Certificate (+1 other product)
/wp-content/uploads/2022/06/SA_Equip_SAFL_SA_LUMIN_EX_LED_Floodlight_Inmetro_Certificate_DNV.pdf,/product/ex-led-floodlight,pdf,closest,EX LED Floodlight — INMETRO Certificate
/wp-content/uploads/2022/06/SA_Equip_SAFL_SA_LUMIN_EX_LED_Floodlight_User_Manual_Issue_9.pdf,/product/ex-led-floodlight,pdf,closest,EX LED Floodlight — User Manual
/wp-content/uploads/2022/06/SA_Equip_SAHB_Heatbox_User_Guide_Issue_4.pdf,/product/ex-heatbox,pdf,closest,EX HeatBox — User Manual
/wp-content/uploads/2022/06/SA_Equip_SAPH_SA_FLEXIHEAT_Ex_Heater_ATEX_Certificate.pdf,/product/ex-heater,pdf,closest,EX Heater — ATEX Certificate
/wp-content/uploads/2022/06/SA_Equip_SAPH_SA_FLEXIHEAT_Ex_Heater_UKEX_Certificate.pdf,/product/ex-heater,pdf,closest,EX Heater — UKEX Certificate
/wp-content/uploads/2022/06/SA_Equip_SAPH_SA_FLEXIHEAT_Ex_Heater_User_Manual_11.pdf,/product/ex-heater,pdf,closest,EX Heater — User Manual
/wp-content/uploads/2022/06/SA_Equip_SARF300_SA_LUMIN_EX_LED_Rechargeable_Floodlight_User_Guide_Issue_6.pdf,/product/ex-led-rechargeable-floodlight,pdf,closest,EX LED Rechargeable Floodlight — User Manual
/wp-content/uploads/2022/06/SA_Equip_SARF300_SA_LUMIN_EX_Rechargeable_Floodlight_ATEX_Certificate_Iss1.pdf,/product/ex-led-rechargeable-floodlight,pdf,closest,EX LED Rechargeable Floodlight — ATEX Certificate
/wp-content/uploads/2022/06/SA_Equip_SARF300_SA_LUMIN_EX_Rechargeable_Floodlight_IECEx_Certificate_Iss1.pdf,/product/ex-led-rechargeable-floodlight,pdf,closest,EX LED Rechargeable Floodlight — IECEx Certificate
/wp-content/uploads/2022/06/SA_Equip_SARF300_SA_LUMIN_EX_Rechargeable_Floodlight_Inmetro_Certificate.pdf,/product/ex-led-rechargeable-floodlight,pdf,closest,EX LED Rechargeable Floodlight — INMETRO Certificate
/wp-content/uploads/2022/06/SA_Equip_SARF300_SA_LUMIN_EX_Rechargeable_Floodlight_UKEX_Certificate_Iss0.pdf,/product/ex-led-rechargeable-floodlight,pdf,closest,EX LED Rechargeable Floodlight — UKEX Certificate
/wp-content/uploads/2022/06/SA_Equip_SAV_SA_CYCLONE_Venturi_Air_Mover_User_Manual.pdf,/product/venturi-air-mover,pdf,closest,Venturi Air Mover — User Manual
/wp-content/uploads/2022/06/SA_Equip_SAWL_SA_ENDURE_LED_Worklamp_Datasheet.pdf,/product/led-worklamp,pdf,closest,LED Worklamp — Datasheet
/wp-content/uploads/2022/06/SA_Equip_ST100_SA_ENDURE_LED_Tubelight_Datasheet.pdf,/product/led-tubelight,pdf,closest,LED Tubelight — Datasheet (+1 other product)
/wp-content/uploads/2022/06/SA_LUMIN_LED_TOWER_LIGHT_SAAL25_TW_Datasheet.pdf,/product/ex-led-tower-light,pdf,closest,EX LED Tower Light — Datasheet
/wp-content/uploads/2022/06/SA_POWERNET_RANGE_ATEX_Certificate.pdf,/product/ex-mains-distribution-unit,pdf,closest,EX Mains Distribution Unit — ATEX Certificate (+3 other products)
/wp-content/uploads/2022/06/SA_POWERNET_RANGE_UKEX_Certificate.pdf,/product/ex-mains-distribution-unit,pdf,closest,EX Mains Distribution Unit — UKEX Certificate (+3 other products)
/wp-content/uploads/2022/06/SAE_EXTRACTION_HOOD_SAFD_H_DATASHEET.pdf,/product/extraction-hood,pdf,closest,Extraction Hood — Datasheet
/wp-content/uploads/2022/06/SAE_HEATING_JACKETS_SAFH150_SAFH050_WEB_DATASHEET.pdf,/product/ex-heating-jacket,pdf,closest,EX Heating Jacket — Datasheet
/wp-content/uploads/2022/06/SAE_HIGH_POWER_HEATING_JACKETS_SAFH150H_SAFH050H_WEB_DATASHEET.pdf,/product/ex-high-power-heating-jacket,pdf,closest,EX High Power Heating Jacket — Datasheet
/wp-content/uploads/2022/06/SAE_LED_AREA_LIGHT_SAAL25_FR_DATASHEET.pdf,/product/ex-led-area-light,pdf,closest,EX LED Area Light — Datasheet
/wp-content/uploads/2022/06/SAE_LED_FLOODLIGHT_SAFL300_DATASHEET.pdf,/product/ex-led-floodlight,pdf,closest,EX LED Floodlight — Datasheet
/wp-content/uploads/2022/06/SAE_VESSEL_ENTRY_KITS_SAVK_DATASHEET.pdf,/product/ex-led-vessel-entry-kit,pdf,closest,EX LED Vessel Entry Kit — Datasheet
/wp-content/uploads/2022/06/SAF35_A30_SA_CYCLONE_EX_Air_Mover_-ATEX_Certificate.pdf,/product/ex-air-mover,pdf,closest,EX Air Mover — ATEX Certificate
/wp-content/uploads/2022/06/SAF35_A31_SA_CYCLONE_EX_Air_Mover_IECEx_Certificate.pdf,/product/ex-air-mover,pdf,closest,EX Air Mover — IECEx Certificate
/wp-content/uploads/2022/06/SAF35_A32_SA_CYCLONE_EX_Air_Mover_UKEX_Certificate.pdf,/product/ex-air-mover,pdf,closest,EX Air Mover — UKEX Certificate
/wp-content/uploads/2022/06/SAF35_A33_SA_CYCLONE_EX_AIR_MOVER_INMETRO_Certificate.pdf,/product/ex-air-mover,pdf,closest,EX Air Mover — INMETRO Certificate
/wp-content/uploads/2022/06/SAF35_A40_SA_CYCLONE_EX_Air_Mover_User_Manual_7-1.pdf,/product/ex-air-mover,pdf,closest,EX Air Mover — User Manual
/wp-content/uploads/2022/06/SAFU_A40_SA_CYCLONE_Filtration_Unit_User_Manual_Iss2.pdf,/product/filtration-unit,pdf,closest,Filtration Unit — User Manual (+1 other product)
/wp-content/uploads/2022/06/SAFU_A61_SA_Filtration_Unit_Compliance_Statement_Iss2_Certificate.pdf,/product/filtration-unit,pdf,closest,Filtration Unit — Certificate (+1 other product)
/wp-content/uploads/2022/06/SAHB_A10_SA_FLEXIHEAT_EX_Heatbox_Datasheet-1.pdf,/product/ex-heatbox,pdf,closest,EX HeatBox — Datasheet
/wp-content/uploads/2022/06/SPTR_A33_SA_POWERNET_RANGE_INMETRO_Certificate.pdf,/product/ex-mains-distribution-unit,pdf,closest,EX Mains Distribution Unit — INMETRO Certificate (+3 other products)
/wp-content/uploads/2022/06/SPTR_SA_POWERNET_400VA_Transformer_Datasheet.pdf,/product/ex-400va-transformer,pdf,closest,EX 400VA Transformer — Datasheet
/wp-content/uploads/2022/09/SA_CYCLONE_PORTABLE_TROLLEY_WEB_Datasheet.pdf,/product/portable-trolley,pdf,closest,PORTABLE TROLLEY — Datasheet
/wp-content/uploads/2022/09/SA_ENDURE_AIR_MOVER_DATASHEET-1.pdf,/product/air-mover,pdf,closest,AIR MOVER — Datasheet
/wp-content/uploads/2022/10/SA_LUMIN_LED_TASKLIGHT_SATL100_SG_Datasheet.pdf,/product/led-tasklight,pdf,closest,LED TASKLIGHT — Datasheet
/wp-content/uploads/2022/11/SA_CYCLONE_NEGATIVE_PRESSURE_UNIT_SANPU_V2_Datasheet.pdf,/product/negative-pressure-unit,pdf,closest,Negative Pressure Unit — Datasheet
/wp-content/uploads/2022/12/EX600_SA_LUMIN_LED_HEADTORCH_DATASHEET.pdf,/product/ex-headtorch,pdf,closest,EX Headtorch — Datasheet
/wp-content/uploads/2022/12/PNER_SA_POWERNET_EXTENSION_REEL_DATASHEET.pdf,/product/ex-extension-reel,pdf,closest,EX Extension Reel — Datasheet
/wp-content/uploads/2022/12/SAFD_ANTI-STATIC_LAYFLAT_DUCTING_SAFD_LF_DATASHEET.pdf,/product/antistatic-layflat-ducting,pdf,closest,Antistatic Layflat Ducting — Datasheet
/wp-content/uploads/2022/12/SAFD_CU_YC_DA_SA_CYCLONE_DUCTING_CONNECTORS_DATASHEET.pdf,/product/duct-couplers,pdf,closest,Duct Couplers — Datasheet
/wp-content/uploads/2022/12/SAFD_MW_SA_CYCLONE_MANWAY_ADAPTORS_DATASHEET.pdf,/product/manway-adaptor,pdf,closest,Manway Adaptor — Datasheet
/wp-content/uploads/2022/12/SAFD_SA_CYCLONE_ANTI-STATIC_REINFORCED_DUCTING_DATASHEET.pdf,/product/antistatic-reinforced-ducting,pdf,closest,Antistatic Reinforced Ducting — Datasheet
/wp-content/uploads/2022/12/SAPH18440_SA_FLEXIHEAT_HEATER_DATASHEET.pdf,/product/ex-heater,pdf,closest,EX Heater — Datasheet
/wp-content/uploads/2022/12/SAV_SA_CYCLONE_VENTURI_AIR_MOVER_DATASHEET.pdf,/product/venturi-air-mover,pdf,closest,Venturi Air Mover — Datasheet
/wp-content/uploads/2023/01/SA_CYCLONE_FUEL_TANK_ADAPTOR_FLANGE_SAFD_Datasheet.pdf,/product/fuel-tank-adaptor-flange,pdf,closest,FUEL TANK ADAPTOR FLANGE — Datasheet
/wp-content/uploads/2023/01/SA_POWERNET_EXTENSION_LEAD_PNEL_Datasheet.pdf,/product/ex-extension-lead,pdf,closest,EX Extension Lead — Datasheet
/wp-content/uploads/2023/02/SAE_LED_WORKLIGHT_100_SA100__DATASHEET.pdf,/product/ex-led-worklight-100,pdf,closest,EX LED Worklight 100 — Datasheet
/wp-content/uploads/2023/02/SAE_LED_WORKLIGHT_200_SA200_DATASHEET.pdf,/product/ex-led-worklight-200,pdf,closest,EX LED Worklight 200 — Datasheet
/wp-content/uploads/2023/03/SAE_LED_EMERGENCY_WORKLIGHT_SAE100_WEB_DATASHEET.pdf,/product/ex-led-emergency-worklight,pdf,closest,EX LED Emergency Worklight — Datasheet
/wp-content/uploads/2023/05/SAE_DUST_EXTRACTION_SYSTEM_SADSES_web_DATASHEET.pdf,/product/ex-dust-extraction-system,pdf,closest,EX DUST EXTRACTION SYSTEM — Datasheet
/wp-content/uploads/2023/05/SAE_PAINT_VAPOUR_EXTRACTION_SYSTEM_SAPVES_web_DATASHEET.pdf,/product/ex-paint-vapour-extraction-system,pdf,closest,EX PAINT VAPOUR EXTRACTION SYSTEM — Datasheet
/wp-content/uploads/2023/10/SA_LUMIN_EX-LED_SAFL300_Floodlight_ATEX_Certificate.pdf,/product/ex-led-floodlight,pdf,closest,EX LED Floodlight — ATEX Certificate
/wp-content/uploads/2023/10/SA_LUMIN_EX-LED_SAFL300_Floodlight_IECEX_Certificate.pdf,/product/ex-led-floodlight,pdf,closest,EX LED Floodlight — IECEx Certificate
/wp-content/uploads/2023/10/SA_LUMIN_EX-LED_SAFL300_Floodlight_UKEX_Certificate.pdf,/product/ex-led-floodlight,pdf,closest,EX LED Floodlight — UKEX Certificate
/wp-content/uploads/2024/01/SA_ENDURE_COMPACT_FILTRATION_UNIT_SELFU_WEB_DATASHEET.pdf,/product/compact-filtration-unit-saecfu,pdf,closest,COMPACT FILTRATION UNIT — Datasheet
/wp-content/uploads/2024/01/SEF35HP_SA_ENDURE_HIGH_POWER_AIR_MOVER_SEF35HP_DATASHEET.pdf,/product/high-power-air-mover,pdf,closest,HIGH POWER AIR MOVER — Datasheet
/wp-content/uploads/2024/02/SA_CYCLONE_LIGHTWEIGHT_DUST_EXTRACTION_SYSTEM_SACLDS_DATASHEET.pdf,/product/lightweight-extraction-system,pdf,closest,LIGHTWEIGHT EXTRACTION SYSTEM — Datasheet
/wp-content/uploads/2024/10/SAE_3.8KVA_TRANSFORMER_SPTR_DATASHEET.pdf,/product/ex-3-8kva-transformer,pdf,closest,EX 3.8KVA Transformer — Datasheet
/wp-content/uploads/2024/10/SAE_MAINS_DISTRIBUTION_UNIT_SPDU_DATASHEET.pdf,/product/ex-mains-distribution-unit,pdf,closest,EX Mains Distribution Unit — Datasheet
/wp-content/uploads/2024/10/SP_Powernet_Range_User_Manual.pdf,/product/ex-mains-distribution-unit,pdf,closest,EX Mains Distribution Unit — User Manual (+3 other products)
/wp-content/uploads/2024/10/SP_SA_POWERNET_RANGE_IECEX_Certificate.pdf,/product/ex-mains-distribution-unit,pdf,closest,EX Mains Distribution Unit — IECEx Certificate (+3 other products)
/wp-content/uploads/2024/11/SPSB_A10_SA_POWERNET_SPLITTER_BOX_DATASHEET.pdf,/product/ex-splitter-unit,pdf,closest,EX Splitter Unit — Datasheet
/wp-content/uploads/2024/12/SA_CYCLONE_COMPACT_FILTRATION_UNIT_SACFU_DATASHEET.pdf,/product/compact-filtration-unit,pdf,closest,Compact Filtration Unit — Datasheet
/wp-content/uploads/2024/12/SA_CYCLONE_FILTRATION_UNIT_SAFU_DATASHEET.pdf,/product/filtration-unit,pdf,closest,Filtration Unit — Datasheet
/wp-content/uploads/2024/12/SA_ENDURE_LIGHTWEIGHT_FILTRATION_UNIT_SAELFU_DATASHEET.pdf,/product/lightweight-filtration-unit,pdf,closest,LIGHTWEIGHT FILTRATION UNIT — Datasheet
/wp-content/uploads/2024/12/SAECDS_SAECBS_SA_ENDURE_COMPACT_DUST_EXTRACTION_SYSTEM_DATASHEET.pdf,/product/compact-dust-extraction-system,pdf,closest,COMPACT DUST EXTRACTION SYSTEM — Datasheet
/wp-content/uploads/2024/12/SAEDES_SAEBDS_SA_ENDURE_HIGH_VOLUME_DUST_EXTRACTION_SYSTEM_DATASHEET-1.pdf,/product/high-volume-dust-extraction-system,pdf,closest,HIGH VOLUME DUST EXTRACTION SYSTEM — Datasheet
/wp-content/uploads/2024/12/SAELDS_SAELBS_SA_ENDURE_LIGHTWEIGHT_DUST_EXTRACTION_SYSTEM_DATASHEET.pdf,/product/lightweight-dust-extraction-system,pdf,closest,LIGHTWEIGHT DUST EXTRACTION SYSTEM — Datasheet
/wp-content/uploads/2024/12/SAEVES_SA_ENDURE_VAPOUR_EXTRACTION_SYSTEM_DATASHEET.pdf,/product/vapour-extraction-system,pdf,closest,VAPOUR EXTRACTION SYSTEM — Datasheet
/wp-content/uploads/2024/12/SAEWFP_A10_SA_ENDURE_PORTABLE_LEV_SYSTEM_DATASHEET.pdf,/product/portable-lev-system,pdf,closest,PORTABLE LEV SYSTEM — Datasheet
/wp-content/uploads/2024/12/SAEWFS_A10_SA_ENDURE_MOBILE_LEV_SYSTEM_DATASHEET.pdf,/product/mobile-lev-system,pdf,closest,MOBILE LEV SYSTEM — Datasheet
/wp-content/uploads/2025/01/SAF35_A40_SA_CYCLONE_EX_Air_Mover_User_Manual_7.pdf,/product/ex-high-power-air-mover,pdf,closest,EX HIGH POWER AIR MOVER — User Manual
/wp-content/uploads/2025/01/SAF35HP_A10_SA_CYCLONE_HIGH_POWER_AIR_MOVER_DATASHEET.pdf,/product/ex-high-power-air-mover,pdf,closest,EX HIGH POWER AIR MOVER — Datasheet
/wp-content/uploads/2025/01/SAF35HP_A30_SA_CYCLONE_High_Power_EX_Air_Mover_ATEX_Certificate.pdf,/product/ex-high-power-air-mover,pdf,closest,EX HIGH POWER AIR MOVER — ATEX Certificate
/wp-content/uploads/2025/01/SAF35HP_A31_SA_CYCLONE_High_Power_EX_Air_Mover_IECEx_Certificate.pdf,/product/ex-high-power-air-mover,pdf,closest,EX HIGH POWER AIR MOVER — IECEx Certificate
/wp-content/uploads/2025/01/SAF35HP_A32_SA_CYCLONE_High_Power_EX_Air_Mover_UKEX_Certificate.pdf,/product/ex-high-power-air-mover,pdf,closest,EX HIGH POWER AIR MOVER — UKEX Certificate
/wp-content/uploads/2025/04/SAAL_A33_SA_LUMIN_EX_LED_Area_Tower_Light_INMETRO_Certificate.pdf,/product/ex-led-area-light,pdf,closest,EX LED Area Light — INMETRO Certificate (+1 other product)
/wp-content/uploads/2025/06/SACDES_SACBDS_A10_EX_COMPACT_DUST_EXTRACTION_SYSTEM_DATASHEET.pdf,/product/ex-compact-dust-extraction-system,pdf,closest,EX COMPACT DUST EXTRACTION SYSTEM — Datasheet
/wp-content/uploads/2025/06/SADSES_SABDES_A10_EX_HIGH_CAPACITY_DUST_EXTRACTION_SYSTEM_DATASHEET.pdf,/product/ex-high-capacity-dust-extraction-system,pdf,closest,EX HIGH CAPACITY DUST EXTRACTION SYSTEM — Datasheet
/wp-content/uploads/2025/06/SAFD_P_A10_SA_CYCLONE_PU_Ducting_Datasheet.pdf,/product/anti-static-pu-flexible-duct-system,pdf,closest,ANTI-STATIC PU FLEXIBLE DUCT SYSTEM — Datasheet
/wp-content/uploads/2025/06/SAPVES_A10_EX_VAPOUR_EXTRACTION_SYSTEM_DATASHEET.pdf,/product/ex-vapour-extraction-system,pdf,closest,EX VAPOUR EXTRACTION SYSTEM — Datasheet
/wp-content/uploads/2025/06/SEFD_SA_ENDURE_PVC_Flexible_Duct_System_Datasheet.pdf,/product/pvc-flexible-duct-system,pdf,closest,PVC FLEXIBLE DUCT SYSTEM — Datasheet
/wp-content/uploads/2025/07/EX160_SA_LUMIN_ATEX_Certificate.pdf,/product/ex-led-torch,pdf,closest,EX LED Torch — ATEX Certificate
/wp-content/uploads/2025/07/EX160_SA_LUMIN_IECEx_Certificate.pdf,/product/ex-led-torch,pdf,closest,EX LED Torch — IECEx Certificate
/wp-content/uploads/2025/07/SA_LUMIN_EX_LED_EX160-TORCH_User_Manual.pdf,/product/ex-led-torch,pdf,closest,EX LED Torch — User Manual
/wp-content/uploads/2025/07/SA_LUMIN_LED_TORCH_EX160_DATASHEET.pdf,/product/ex-led-torch,pdf,closest,EX LED Torch — Datasheet
/wp-content/uploads/2026/01/SAAC11440_A10_SA_CYCLONE_Air-Conditioner_Datasheet.pdf,/product/ex-air-conditioner,pdf,closest,EX AIR CONDITIONER — Datasheet
/wp-content/uploads/2026/01/SAAC11440_A30_SA_CYCLONE_EX_AirConditioner_ATEX_Certificate.pdf,/product/ex-air-conditioner,pdf,closest,EX AIR CONDITIONER — ATEX Certificate (+1 other product)
/wp-content/uploads/2026/01/SAAC11440_A31_SA_CYCLONE_EX_Air_Conditioner_IECEx_Certificate-1.pdf,/product/ex-air-conditioner,pdf,closest,EX AIR CONDITIONER — IECEx Certificate (+1 other product)
/wp-content/uploads/2026/01/SAAC11440_A32_SA_CYCLONE_EX_Air_Conditioner_UKEX_Certificate-1.pdf,/product/ex-air-conditioner,pdf,closest,EX AIR CONDITIONER — UKEX Certificate (+1 other product)
/wp-content/uploads/2026/01/SADH11440-A10-SA-CYCLONE-EX-Dehumidifier-Datasheet.pdf,/product/ex-dehumidifier,pdf,closest,EX DEHUMIDIFIER — Datasheet
/wp-content/uploads/2026/06/SANPES_NEGATIVE_PRESSURE_SYSTEM_WEB_DATASHEET.pdf,/product/negative-pressure-system,pdf,closest,Negative Pressure System — Datasheet
/wp-content/uploads/2026/08/SARF300_SA_LUMIN_LED_RECHARGEABLE_FLOODLIGHT_DATASHEET-3.pdf,/product/ex-led-rechargeable-floodlight,pdf,closest,EX LED Rechargeable Floodlight — Datasheet
/product/compact-filtration-unit-2,/product/compact-filtration-unit-saecfu,product,exact,COMPACT FILTRATION UNIT
/product/ex-adaptor-lead-rental,/product/ex-adaptor-lead,product,exact,EX Adaptor Lead
/product/ex-led-rechargeable-floodlight-2,/product/ex-led-rechargeable-floodlight-kit,product,exact,EX LED Rechargeable Floodlight Kit
/product/ex-splitter-box,/product/ex-splitter-unit,product,exact,EX Splitter Unit
/product/ex-tasklight-3,/product/tasklight-holster,product,exact,Tasklight Holster
/product/filter-purchase,/product/filter-purchase-only,product,exact,Filter - Purchase Only
/product/filters,,product,conflict,"NOT APPLIED — /product/filters is a live Duda page, and the rule would hide it (WordPress meant: /product/filters-purchase-only). Filters - PURCHASE ONLY"
/product/filtration-filters,/product/filters,product,exact,Filters
/product/high-capacity-dust-extraction-system,/product/ex-high-capacity-dust-extraction-system,product,exact,EX HIGH CAPACITY DUST EXTRACTION SYSTEM
/product/led-torch,/product/ex-led-torch,product,exact,EX LED Torch
/product/lightweight-filtration-unit-2,/product/lightweight-filtration-unit,product,exact,LIGHTWEIGHT FILTRATION UNIT
/product/paint-fume-extraction-system,/product/ex-paint-vapour-extraction-system,product,exact,EX PAINT VAPOUR EXTRACTION SYSTEM
/product/sa-endure-dust-filter-bundle-set-of-12-panel-filters-24-compact-bag-filters,/product/dust-filter-bundle-12-panel-filters---24-compact-bag-filters,product,exact,Dust Filter Bundle - 12 Panel Filters & 24 Compact Bag Filters
/product/vapour-extraction-system-2,/product/ex-vapour-extraction-system,product,exact,EX VAPOUR EXTRACTION SYSTEM
/product-category/aviation,/category/aviation-aerospace,product-category,equivalent,Aviation
/product-category/chemical-plants,/category/petrochemical-chemical-processing,product-category,equivalent,Chemical plants
/product-category/child-product,/category/products,product-category,fallback,WooCommerce housekeeping category
/product-category/civil-engineering,/category/construction-major-projects,product-category,closest,civil engineering
/product-category/con%ef%ac%81ned-spaces,/category/site-challenges,product-category,closest,no confined-space challenge on Duda
/product-category/construction,/category/construction-major-projects,product-category,equivalent,Construction
/product-category/defence,/category/defence-naval-shipbuilding,product-category,equivalent,Defence
/product-category/distilleries,/category/distilleries-breweries,product-category,equivalent,Distilleries
/product-category/habitat-systems-rental,/category/products,product-category,fallback,empty category on WordPress
/product-category/infrastructure-maintenance,/category/construction-major-projects,product-category,closest,infrastructure maintenance
/product-category/nuclear,/category/nuclear,product-category,exact,Nuclear
/product-category/offshore-platforms,/category/oil-gas,product-category,closest,Offshore platforms
/product-category/oil-gas,/category/oil-gas,product-category,exact,Oil &amp; gas
/product-category/oil-re%ef%ac%81neries,/category/oil-gas,product-category,closest,Oil reﬁneries
/product-category/petrochemicals,/category/petrochemical-chemical-processing,product-category,equivalent,Petrochemicals
/product-category/pharmaceuticals,/category/pharmaceuticals,product-category,exact,Pharmaceuticals
/product-category/portable-ex-climate-control,/category/climate-control-and-heating,product-category,equivalent,Portable EX Climate Control
/product-category/portable-ex-heating,/category/climate-control-and-heating,product-category,equivalent,Portable EX Heating
/product-category/portable-ex-heating-rental,/category/climate-control-and-heating,product-category,equivalent,rental folds into the product type
/product-category/portable-ex-lighting,/category/lighting-and-power,product-category,equivalent,Portable EX Lighting
/product-category/portable-ex-lighting-rental,/category/lighting-and-power,product-category,equivalent,rental folds into the product type
/product-category/portable-ex-power-distribution,/category/lighting-and-power,product-category,equivalent,Portable EX Power Distribution
/product-category/portable-ex-power-rental,/category/lighting-and-power,product-category,equivalent,rental folds into the product type
/product-category/portable-ex-ventilation,/category/fume-dust-lev-and-vapour-control,product-category,equivalent,Portable EX Ventilation
/product-category/portable-ex-ventilation-rental,/category/fume-dust-lev-and-vapour-control,product-category,equivalent,rental folds into the product type
/product-category/rail,/category/rail-transport-engineering,product-category,equivalent,Rail
/product-category/renewable,/category/renewables-hydrogen,product-category,equivalent,Renewable
/product-category/rental,/category/products,product-category,fallback,no rental listing on Duda
/product-category/sa-cyclone,/category/fume-dust-lev-and-vapour-control,product-category,closest,SA range → its product type
/product-category/sa-cyclone-rental,/category/fume-dust-lev-and-vapour-control,product-category,closest,SA range → its product type
/product-category/sa-endure,/category/products,product-category,fallback,"SA ENDURE spans lighting AND extraction, so no single type fits"
/product-category/sa-flexiheat,/category/climate-control-and-heating,product-category,closest,SA range → its product type
/product-category/sa-flexiheat-rental,/category/climate-control-and-heating,product-category,closest,SA range → its product type
/product-category/sa-lumin,/category/lighting-and-power,product-category,closest,SA range → its product type; Duda has no range pages
/product-category/sa-lumin-rental,/category/lighting-and-power,product-category,closest,SA range → its product type
/product-category/sa-powernet,/category/lighting-and-power,product-category,closest,SA range → its product type
/product-category/sa-powernet-rental,/category/lighting-and-power,product-category,closest,SA range → its product type
/product-category/sa-rental,/category/products,product-category,fallback,no rental listing on Duda
/product-category/shipbuilding,/category/marine-commercial-ship-repair,product-category,closest,shipbuilding
/product-category/shipbuilding-repair,/category/marine-commercial-ship-repair,product-category,equivalent,Shipbuilding &amp; repair
/product-category/shipping,/category/marine-commercial-ship-repair,product-category,equivalent,Shipping
/product-category/tank-and-vessel-entry,/category/site-challenges,product-category,closest,no tank-entry challenge on Duda
/product-category/tunnelling,/category/construction-major-projects,product-category,closest,tunnelling
/product-category/utilities,/category/utilities,product-category,exact,Utilities
/product-category/water-treatment,/category/utilities,product-category,closest,Water treatment
/product-range/ex-heating,/category/climate-control-and-heating,product-range,equivalent,ex-heating
/product-range/ex-lighting,/category/lighting-and-power,product-range,equivalent,ex-lighting
/product-range/ex-power,/category/lighting-and-power,product-range,equivalent,ex-power
/product-range/ex-ventilation,/category/fume-dust-lev-and-vapour-control,product-range,equivalent,ex-ventilation
/product-range/lev-systems,/category/fume-dust-lev-and-vapour-control,product-range,equivalent,lev-systems
/product-range/lighting,/category/lighting-and-power,product-range,equivalent,lighting
/product-range/ventilation,/category/fume-dust-lev-and-vapour-control,product-range,equivalent,ventilation
/product-tag/asbestos,/category/fume-dust-lev-and-vapour-control,product-tag,closest,asbestos
/product-tag/aviation,/category/aviation-aerospace,product-tag,equivalent,Aviation
/product-tag/chemical-plants,/category/petrochemical-chemical-processing,product-tag,equivalent,Chemical plants
/product-tag/civil-engineering,/category/construction-major-projects,product-tag,closest,civil engineering
/product-tag/civil-engineering-tunnelling-construction-infrastructure-maintenance-shipbuilding,/category/industries,product-tag,fallback,civil engineering tunnelling construction infrastructure maintenance shipbuilding (0 products)
/product-tag/con%ef%ac%81ned-spaces,/category/site-challenges,product-tag,closest,no confined-space challenge on Duda
/product-tag/construction,/category/construction-major-projects,product-tag,equivalent,Construction
/product-tag/defence,/category/defence-naval-shipbuilding,product-tag,equivalent,Defence
/product-tag/distilleries,/category/distilleries-breweries,product-tag,equivalent,Distilleries
/product-tag/fumes,/category/fume-dust-lev-and-vapour-control,product-tag,closest,fumes
/product-tag/hepa,/category/fume-dust-lev-and-vapour-control,product-tag,closest,hepa
/product-tag/infrastructure-maintenance,/category/construction-major-projects,product-tag,closest,infrastructure maintenance
/product-tag/lev,/category/fume-dust-lev-and-vapour-control,product-tag,closest,LEV
/product-tag/nuclear,/category/nuclear,product-tag,exact,Nuclear
/product-tag/offshore-platforms,/category/oil-gas,product-tag,closest,Offshore platforms
/product-tag/oil-gas,/category/oil-gas,product-tag,exact,Oil &amp; gas
/product-tag/oil-gas-renewable-defence-nuclear-shipping-petrochemicals-aviation-construction,/category/industries,product-tag,fallback,Oil &amp; gas Renewable Defence Nuclear Shipping Petrochemicals Aviation Construction (0 products)
/product-tag/oil-gas-renewable-defence-nuclear-utilities-shipping-petrochemicals-pharmaceuticals-distilleries-aviation-rail-construction,/category/industries,product-tag,fallback,Oil &amp; gas Renewable Defence Nuclear Utilities Shipping Petrochemicals Pharmaceuticals Distilleries Aviation Rail Construction (0 products)
/product-tag/oil-re%ef%ac%81neries,/category/oil-gas,product-tag,closest,Oil reﬁneries
/product-tag/petrochemicals,/category/petrochemical-chemical-processing,product-tag,equivalent,Petrochemicals
/product-tag/pharmaceuticals,/category/pharmaceuticals,product-tag,exact,Pharmaceuticals
/product-tag/rail,/category/rail-transport-engineering,product-tag,equivalent,Rail
/product-tag/renewable,/category/renewables-hydrogen,product-tag,equivalent,Renewable
/product-tag/satl-bu,/category/industries,product-tag,fallback,SATL/BU (1 products)
/product-tag/satl-fs4,/category/industries,product-tag,fallback,SATL/FS4 (1 products)
/product-tag/satl-mb,/category/industries,product-tag,fallback,SATL/MB (0 products)
/product-tag/shipbuilding,/category/marine-commercial-ship-repair,product-tag,closest,shipbuilding
/product-tag/shipbuilding-repair,/category/marine-commercial-ship-repair,product-tag,equivalent,Shipbuilding &amp; repair
/product-tag/shipping,/category/marine-commercial-ship-repair,product-tag,equivalent,Shipping
/product-tag/tank-and-vessel-entry,/category/site-challenges,product-tag,closest,no tank-entry challenge on Duda
/product-tag/tank-and-vessel-entry-chemical-plants-oil-re%ef%ac%81neries-offshore-platforms-utilities-con%ef%ac%81ned-spaces-water-treatment,/category/industries,product-tag,fallback,Tank and vessel entry Chemical plants Oil reﬁneries Offshore platforms Utilities Conﬁned spaces Water treatment (0 products)
/product-tag/tunnelling,/category/construction-major-projects,product-tag,closest,tunnelling
/product-tag/utilities,/category/utilities,product-tag,exact,Utilities
/product-tag/water-treatment,/category/utilities,product-tag,closest,Water treatment
/product-tag/water-treatment-confined-spaces-chemical-plants-oil-refineries-offshore-platforms-utilities-tank-and-vessel-entry-shipbuilding-repair,/category/industries,product-tag,fallback,Water treatment Confined Spaces chemical plants Oil refineries Offshore platforms Utilities Tank and vessel entry Shipbuilding &amp; repair (0 products)
/product-tag/welding,/category/industries,product-tag,fallback,Welding (3 products)
